code,title,category,factor_key,goal_type,target_value,unit,daily_target_count,duration_days,verification_type,difficulty,relation_type,context_label,context_type,context_slots,safety_check_required,progress_value,is_enabled,description,exclude_condition,manual_fallback_allowed,reward_xp,context_priority,personalization_policy
CH_WALK_AFTER_MEAL,식후 걷기,activity,physical_activity_low,duration,10,분,2,7,timer,challenge,direct,식후,meal,"[""lunch"",""dinner""]",False,10,True,,,,,,
CH_STAND_HOURLY,업무 중 움직임 휴식,activity,sedentary_time_high,duration,3,분,3,7,timer,challenge,direct,좌식 중,none,,False,10,True,,,,,,
CH_STAIRS,계단으로 올라가기,activity,physical_activity_low,boolean,,,1,7,manual,challenge,direct,이동 시,none,,True,10,True,,,,,,
CH_STRENGTH_10,맨몸 근력 10분,activity,strength_activity_low,duration,10,분,1,7,timer,normal,direct,운동,none,,True,10,True,,,,,,
CH_WALK_ONE_STOP,한 정거장 먼저 내려 걷기,activity,physical_activity_low,boolean,,,1,7,manual,normal,supporting,대중교통 이용 시,event,,False,10,True,,,,,,
CH_LEAVE_SOUP,국물 남기기,diet,sodium_behavior,boolean,,,1,7,manual,easy,direct,국·찌개 섭취 시,meal,,False,10,True,,,,,,
CH_NO_EATING_OUT,오늘 외식 안 하기,diet,sodium_behavior,boolean,,,1,7,manual,normal,direct,하루,none,,False,10,True,,,,,,
CH_CHECK_LABEL,영양표시 나트륨 확인,diet,sodium_behavior,boolean,,,1,7,photo,easy,supporting,포장식품 선택 시,event,,False,10,True,,,,,,
CH_HOME_MEAL,배달 대신 집밥,diet,sodium_behavior,boolean,,,1,7,manual,normal,direct,식사,meal,,False,10,True,,,,,,
CH_NO_DRINK_TODAY,오늘 술 안 마시기,alcohol,alcohol_frequency,boolean,,,1,7,manual,easy,direct,하루,none,,False,10,True,,,,,,
CH_ONE_LESS_GLASS,한 잔 줄이기,alcohol,alcohol_amount,quantity,1,잔,1,7,value,normal,direct,음주 시,event,,False,10,True,,,,,,
CH_WATER_BETWEEN,술 한 잔에 물 한 잔,alcohol,alcohol_amount,boolean,,,3,7,manual,easy,supporting,음주 시,event,,False,10,True,,,,,,
CH_NO_SMOKE_TODAY,오늘 안 피우기,smoking,smoking_current,boolean,,,1,7,manual,challenge,direct,하루,none,,False,10,True,,,,,,
CH_DELAY_5MIN,피우기 전 5분 미루기,smoking,smoking_current,duration,5,분,3,7,timer,easy,direct,흡연 욕구 시,event,,False,10,True,,,,,,
CH_COUNT_DOWN,오늘 개비 수 기록하기,smoking,smoking_current,quantity,,개비,1,7,value,normal,supporting,하루,none,,False,10,True,,,,,,
CH_VEGGIE_FIRST,채소 먼저 먹기,diet,,boolean,,,2,7,manual,easy,supporting,식사,meal,"[""lunch"",""dinner""]",False,0,False,,,,,,
CH_SLOW_EAT_20,20분 이상 천천히 먹기,diet,,duration,20,분,1,7,timer,normal,supporting,식사,meal,,False,0,False,,,,,,
CH_WATER_8,물 여덟 잔 마시기,body,,quantity,8,잔,1,7,value,easy,general,하루,none,,False,0,True,,,,,,
CH_SLEEP_7H,일곱 시간 자기,sleep,,duration,7,시간,1,7,manual,easy,general,수면,none,,False,0,True,,,,,,
